ENSEIGNEMENT SCIENTIFIQUE
Abu;LÉA;20030127;10
Anita;BENJAMIN;20030120;A
Auguste;LUCIEN;20031105;A
Bambi;EVE;20030824;14
Boo;ELOISE;20030516;A
Buzz L'éclair;ELYASSE;20030124;17
Cendrillon;AYMERIC;20031214;16
Cendrillon;KENIA;20030503;3
Clayton;LOUANN;20031028;20
Donald;ORNELLA;20031014;10
Dormeur;STEEVEN;20030604;6
Dory;LAURA;20030706;0
Elsa;LOUBNA;20030825;A
Fleur;MATÉO;20030921;A
Geppetto;MARWANE;20030622;14
Giselle;JASON;20030918;13
Hades;MELVIN;20030820;1
John Smith;MARC;20030812;16
John Smith;MAXIME;20030209;7
Kida;FLORIAN;20030222;3
Koda;MAXIME;20030915;7
Kovu;ANAÏS;20031113;2
Li Shang;ENORA;20030417;13
Lilo;WILLIAM;20030903;A
Meeko;YANNIS;20030805;6
Mickey Mouse;NICOLAS;20031121;5
Minnie Mouse;LUCAS;20031204;7
Mulan;THÉO;20030802;A
Nani;ANNA;20031106;10
Pegase;ENZO;20030530;3
Penny;ALICE;20031001;A
Pocahontas;CÉCILE;20031224;A
Porcinet;SAUL;20031002;10
Remy;JULIETTE;20031024;5
Roger;JULIEN;20030711;6
Russell;THÉO;20030104;15
Simplet;VICTOR;20030109;1
Tarzan;ELIE;20031229;9
Terk;AGATHE;20030530;2
Zazou;SABRINA;20030627;17
