ED.PHYSIQUE&SPORT
Abu;LÉA;20030127;17;A;A;4;10;5;17
Anita;BENJAMIN;20030120;14;10;20;0;A;A;20
Auguste;LUCIEN;20031105;A;4;6;10;1;18;12
Bambi;EVE;20030824;1;A;6;10;14;A;A
Boo;ELOISE;20030516;4;20;19;15;1;1;11
Buzz L'éclair;ELYASSE;20030124;6;14;2;2;6;4;A
Cendrillon;AYMERIC;20031214;20;17;12;8;11;3;1
Cendrillon;KENIA;20030503;14;0;4;5;2;13;A
Clayton;LOUANN;20031028;17;12;5;A;20;A;9
Donald;ORNELLA;20031014;19;A;4;18;A;16;17
Dormeur;STEEVEN;20030604;13;16;A;7;3;1;18
Dory;LAURA;20030706;8;16;14;16;A;8;2
Elsa;LOUBNA;20030825;1;20;A;A;A;12;14
Fleur;MATÉO;20030921;6;7;3;A;A;16;10
Geppetto;MARWANE;20030622;16;1;12;A;20;A;A
Giselle;JASON;20030918;A;6;7;8;19;11;15
Hades;MELVIN;20030820;12;0;11;13;2;14;13
John Smith;MARC;20030812;11;15;A;1;14;9;6
John Smith;MAXIME;20030209;A;8;0;13;18;15;9
Kida;FLORIAN;20030222;17;10;A;11;12;7;A
Koda;MAXIME;20030915;14;5;1;18;7;A;9
Kovu;ANAÏS;20031113;14;20;A;A;14;11;20
Li Shang;ENORA;20030417;14;13;3;3;8;4;4
Lilo;WILLIAM;20030903;2;8;3;A;17;7;13
Meeko;YANNIS;20030805;7;14;11;17;6;4;6
Mickey Mouse;NICOLAS;20031121;16;10;A;17;9;14;11
Minnie Mouse;LUCAS;20031204;5;11;13;18;5;A;17
Mulan;THÉO;20030802;17;10;13;15;14;A;8
Nani;ANNA;20031106;A;0;A;14;7;17;A
Pegase;ENZO;20030530;5;9;18;3;2;A;A
Penny;ALICE;20031001;A;A;1;1;6;0;7
Pocahontas;CÉCILE;20031224;A;1;8;5;18;A;9
Porcinet;SAUL;20031002;A;13;15;17;5;20;8
Remy;JULIETTE;20031024;4;16;10;0;4;15;A
Roger;JULIEN;20030711;7;13;20;A;9;9;15
Russell;THÉO;20030104;11;10;6;10;10;5;12
Simplet;VICTOR;20030109;7;A;6;9;1;20;5
Tarzan;ELIE;20031229;0;12;A;9;1;8;0
Terk;AGATHE;20030530;3;0;A;12;15;20;15
Zazou;SABRINA;20030627;0;A;1;10;6;10;5
