ANG1
Abu;LÉA;20030127;15;14;A;5;13;8;14;14
Anita;BENJAMIN;20030120;5;16;3;3;16;12;0;A
Bambi;EVE;20030824;7;A;4;17;7;16;3;A
Buzz L'éclair;ELYASSE;20030124;10;17;7;3;18;13;12;16
Cendrillon;AYMERIC;20031214;10;4;A;5;16;12;19;13
Cendrillon;KENIA;20030503;16;5;18;20;1;0;A;19
Clayton;LOUANN;20031028;3;6;10;3;0;13;4;19
Donald;ORNELLA;20031014;11;20;1;20;3;7;13;8
Dormeur;STEEVEN;20030604;0;8;19;17;12;12;10;1
Dory;LAURA;20030706;14;1;14;11;15;1;10;20
Geppetto;MARWANE;20030622;A;6;6;10;19;17;A;2
Giselle;JASON;20030918;12;2;15;17;A;A;9;0
Hades;MELVIN;20030820;A;5;A;14;6;10;A;17
John Smith;MARC;20030812;6;9;A;A;A;20;0;3
Kida;FLORIAN;20030222;0;14;9;1;12;14;16;13
Kovu;ANAÏS;20031113;11;A;17;14;A;9;12;7
Lilo;WILLIAM;20030903;7;16;14;14;15;6;5;18
Meeko;YANNIS;20030805;17;7;3;3;10;1;A;18
Mickey Mouse;NICOLAS;20031121;1;14;7;15;10;18;15;9
Minnie Mouse;LUCAS;20031204;19;1;14;0;A;4;15;8
Mulan;THÉO;20030802;14;12;18;17;9;18;A;1
Nani;ANNA;20031106;16;A;2;18;9;17;6;16
Pegase;ENZO;20030530;2;A;10;17;14;7;16;15
Penny;ALICE;20031001;17;11;3;A;1;A;18;A
Porcinet;SAUL;20031002;2;15;5;9;20;11;17;17
Remy;JULIETTE;20031024;13;17;5;15;A;17;0;A
Roger;JULIEN;20030711;10;19;4;9;14;12;16;0
Simplet;VICTOR;20030109;16;9;12;3;6;A;7;12
Tarzan;ELIE;20031229;A;17;7;7;18;6;9;2
Terk;AGATHE;20030530;17;16;7;8;9;8;15;7
Zazou;SABRINA;20030627;2;10;10;18;2;8;10;5
