ESP2
Anita;BENJAMIN;20030120;2;4;A
Bambi;EVE;20030824;7;11;5
Cendrillon;KENIA;20030503;5;20;A
Clayton;LOUANN;20031028;20;15;A
Donald;ORNELLA;20031014;A;A;11
Dormeur;STEEVEN;20030604;4;A;15
Dory;LAURA;20030706;10;A;11
Fleur;MATÉO;20030921;18;4;18
Kida;FLORIAN;20030222;8;14;5
Kovu;ANAÏS;20031113;16;2;7
Lilo;WILLIAM;20030903;6;0;15
Meeko;YANNIS;20030805;0;9;8
Mickey Mouse;NICOLAS;20031121;A;A;20
Minnie Mouse;LUCAS;20031204;A;18;13
Penny;ALICE;20031001;15;19;7
Pocahontas;CÉCILE;20031224;7;12;15
Remy;JULIETTE;20031024;6;18;3
Simplet;VICTOR;20030109;1;20;8
Tarzan;ELIE;20031229;16;17;A
