PC
Abu;LÉA;20030127;0;19;14;18;11;5
Anita;BENJAMIN;20030120;14;2;A;4;A;1
Auguste;LUCIEN;20031105;8;7;20;7;19;8
Bambi;EVE;20030824;A;12;A;14;2;4
Boo;ELOISE;20030516;19;5;6;14;11;10
Buzz L'éclair;ELYASSE;20030124;1;A;7;A;16;4
Cendrillon;AYMERIC;20031214;A;A;17;4;20;2
Cendrillon;KENIA;20030503;15;A;10;0;8;12
Donald;ORNELLA;20031014;14;18;16;14;5;20
Dormeur;STEEVEN;20030604;8;1;10;8;5;1
Fleur;MATÉO;20030921;16;18;7;1;11;4
Geppetto;MARWANE;20030622;1;11;A;15;13;5
Giselle;JASON;20030918;10;11;A;14;A;1
Hades;MELVIN;20030820;4;8;8;A;A;11
John Smith;MARC;20030812;9;16;19;20;19;0
John Smith;MAXIME;20030209;4;3;9;18;16;8
Koda;MAXIME;20030915;14;18;10;9;15;9
Meeko;YANNIS;20030805;12;17;11;0;4;A
Mickey Mouse;NICOLAS;20031121;17;4;0;6;3;19
Nani;ANNA;20031106;0;7;18;11;A;16
Penny;ALICE;20031001;15;4;7;5;1;2
Remy;JULIETTE;20031024;10;18;5;7;13;11
Roger;JULIEN;20030711;A;13;10;3;10;3
Russell;THÉO;20030104;7;4;11;8;A;7
Terk;AGATHE;20030530;A;9;18;12;A;12
Zazou;SABRINA;20030627;13;13;7;4;A;12
