NSI
Abu;LÉA;20030127;A;A;18;20
Anita;BENJAMIN;20030120;9;3;11;20
Auguste;LUCIEN;20031105;A;4;9;2
Bambi;EVE;20030824;12;A;A;2
Boo;ELOISE;20030516;2;0;20;2
Buzz L'éclair;ELYASSE;20030124;15;0;8;1
Cendrillon;AYMERIC;20031214;10;A;A;A
Cendrillon;KENIA;20030503;13;4;A;12
Clayton;LOUANN;20031028;19;15;19;5
Dormeur;STEEVEN;20030604;14;11;13;2
Dory;LAURA;20030706;A;A;11;0
Elsa;LOUBNA;20030825;20;8;16;7
Geppetto;MARWANE;20030622;20;A;2;A
John Smith;MARC;20030812;0;5;11;9
Kovu;ANAÏS;20031113;A;0;15;13
Li Shang;ENORA;20030417;4;14;10;6
Lilo;WILLIAM;20030903;4;5;19;19
Mickey Mouse;NICOLAS;20031121;18;16;15;19
Minnie Mouse;LUCAS;20031204;A;A;17;0
Mulan;THÉO;20030802;17;9;10;4
Pegase;ENZO;20030530;8;15;3;9
Penny;ALICE;20031001;A;12;10;18
Pocahontas;CÉCILE;20031224;7;9;A;18
Porcinet;SAUL;20031002;8;0;7;10
Roger;JULIEN;20030711;15;12;16;9
Russell;THÉO;20030104;A;A;1;13
Simplet;VICTOR;20030109;11;2;19;17
Tarzan;ELIE;20031229;20;4;6;1
