FRANCAIS
Abu;LÉA;20030127;17;12;16;15
Anita;BENJAMIN;20030120;A;10;9;8
Auguste;LUCIEN;20031105;10;A;1;13
Bambi;EVE;20030824;7;4;9;8
Boo;ELOISE;20030516;8;0;12;10
Buzz L'éclair;ELYASSE;20030124;12;10;19;16
Cendrillon;AYMERIC;20031214;12;4;5;10
Cendrillon;KENIA;20030503;A;3;19;0
Clayton;LOUANN;20031028;3;19;10;17
Donald;ORNELLA;20031014;7;12;15;0
Dormeur;STEEVEN;20030604;2;0;A;11
Dory;LAURA;20030706;16;20;11;19
Elsa;LOUBNA;20030825;A;7;7;10
Fleur;MATÉO;20030921;5;19;2;12
Geppetto;MARWANE;20030622;7;18;A;3
Giselle;JASON;20030918;15;14;15;17
Hades;MELVIN;20030820;18;19;12;2
John Smith;MARC;20030812;16;19;20;6
John Smith;MAXIME;20030209;10;18;1;15
Kida;FLORIAN;20030222;15;1;A;12
Koda;MAXIME;20030915;0;A;12;3
Kovu;ANAÏS;20031113;5;8;A;15
Li Shang;ENORA;20030417;15;14;A;18
Lilo;WILLIAM;20030903;A;10;A;14
Meeko;YANNIS;20030805;2;14;14;4
Mickey Mouse;NICOLAS;20031121;13;12;13;0
Minnie Mouse;LUCAS;20031204;17;5;0;3
Mulan;THÉO;20030802;19;A;17;15
Nani;ANNA;20031106;6;11;A;A
Pegase;ENZO;20030530;11;10;2;15
Penny;ALICE;20031001;17;13;14;15
Pocahontas;CÉCILE;20031224;13;A;A;16
Porcinet;SAUL;20031002;1;5;18;5
Remy;JULIETTE;20031024;13;A;7;13
Roger;JULIEN;20030711;1;9;A;2
Russell;THÉO;20030104;2;0;12;6
Simplet;VICTOR;20030109;1;16;8;2
Tarzan;ELIE;20031229;15;9;9;4
Terk;AGATHE;20030530;19;17;A;7
Zazou;SABRINA;20030627;9;13;A;5
