HISTOIRE-GEOGRAPHIE
Abu;LÉA;20030127;4
Anita;BENJAMIN;20030120;8
Auguste;LUCIEN;20031105;10
Bambi;EVE;20030824;A
Boo;ELOISE;20030516;2
Buzz L'éclair;ELYASSE;20030124;19
Cendrillon;AYMERIC;20031214;4
Cendrillon;KENIA;20030503;13
Clayton;LOUANN;20031028;8
Donald;ORNELLA;20031014;11
Dormeur;STEEVEN;20030604;18
Dory;LAURA;20030706;6
Elsa;LOUBNA;20030825;14
Fleur;MATÉO;20030921;4
Geppetto;MARWANE;20030622;3
Giselle;JASON;20030918;17
Hades;MELVIN;20030820;A
John Smith;MARC;20030812;17
John Smith;MAXIME;20030209;14
Kida;FLORIAN;20030222;A
Koda;MAXIME;20030915;5
Kovu;ANAÏS;20031113;4
Li Shang;ENORA;20030417;9
Lilo;WILLIAM;20030903;20
Meeko;YANNIS;20030805;11
Mickey Mouse;NICOLAS;20031121;6
Minnie Mouse;LUCAS;20031204;20
Mulan;THÉO;20030802;19
Nani;ANNA;20031106;2
Pegase;ENZO;20030530;A
Penny;ALICE;20031001;1
Pocahontas;CÉCILE;20031224;7
Porcinet;SAUL;20031002;2
Remy;JULIETTE;20031024;17
Roger;JULIEN;20030711;20
Russell;THÉO;20030104;1
Simplet;VICTOR;20030109;A
Tarzan;ELIE;20031229;17
Terk;AGATHE;20030530;7
Zazou;SABRINA;20030627;3
