Afghanistan;647500;37172386;57.40909034749035
Aland Islands;1580;26711;16.905696202531647
Albania;28748;2866376;99.70697091971616
Algeria;2381740;42228429;17.730075071166457
American Samoa;199;55465;278.7185929648241
Andorra;468;77006;164.54273504273505
Angola;1246700;30809762;24.713052057431618
Anguilla;102;13254;129.94117647058823
Antarctica;14000000;0;0.0
Antigua and Barbuda;443;96286;217.34988713318285
Argentina;2766890;44494502;16.081052011464134
Armenia;29800;2951776;99.05288590604027
Aruba;193;105845;548.419689119171
Australia;7686850;24992369;3.2513147778348737
Austria;83858;8847037;105.50021464857258
Azerbaijan;86600;9942334;114.8075519630485
Bahamas;13940;385640;27.664275466284074
Bahrain;665;1569439;2360.0586466165414
Bangladesh;144000;161356039;1120.5280486111112
Barbados;431;286641;665.0603248259861
Belarus;207600;9485386;45.69068400770713
Belgium;30510;11422068;374.37128810226153
Belize;22966;383071;16.679918139858923
Benin;112620;11485048;101.98053631681762
Bermuda;53;63968;1206.9433962264152
Bhutan;47000;754394;16.050936170212765
Bolivia;1098580;11353142;10.334378925522037
Bonaire, Saint Eustatius and Saba;328;18012;54.91463414634146
Bosnia and Herzegovina;51129;3323929;65.01063975434685
Botswana;600370;2254126;3.7545613538318037
Bouvet Island;49;0;0.0
Brazil;8511965;209469333;24.60881042156541
British Indian Ocean Territory;60;4000;66.66666666666667
British Virgin Islands;153;29802;194.7843137254902
Brunei;5770;428962;74.34350086655112
Bulgaria;110910;7000039;63.11458840501307
Burkina Faso;274200;19751535;72.03331509846826
Burundi;27830;11175378;401.5586776859504
Cabo Verde;4033;543767;134.82940738904043
Cambodia;181040;16249798;89.75805346884667
Cameroon;475440;25216237;53.037685091704525
Canada;9984670;37058856;3.7115754451574263
Cayman Islands;262;64174;244.93893129770993
Central African Republic;622984;4666377;7.4903641185006355
Chad;1284000;15477751;12.05432320872274
Chile;756950;18729160;24.74292885923773
China;9596960;1392730000;145.12199696570582
Christmas Island;135;1500;11.11111111111111
Cocos Islands;14;628;44.857142857142854
Colombia;1138910;49648685;43.59315924875539
Comoros;2170;832322;383.5585253456221
Cook Islands;240;21388;89.11666666666666
Costa Rica;51100;4999441;97.83641878669276
Croatia;56542;4089400;72.32499734710481
Cuba;110860;11338138;102.27438210355403
Curacao;444;159849;360.02027027027026
Cyprus;9250;1189265;128.5691891891892
Czechia;78866;10625695;134.73099941673217
Democratic Republic of the Congo;2345410;84068091;35.843665286666294
Denmark;43094;5797446;134.53023622778113
Djibouti;23000;958920;41.692173913043476
Dominica;754;71625;94.99336870026525
Dominican Republic;48730;10627165;218.08259798891854
Ecuador;283560;17084357;60.24953096346452
Egypt;1001450;98423595;98.2810874232363
El Salvador;21040;6420744;305.1684410646388
Equatorial Guinea;28051;1308974;46.66407614701793
Eritrea;121320;0;0.0
Estonia;45226;1320884;29.206297262636536
Eswatini;17363;1136191;65.43748200195819
Ethiopia;1127127;109224559;96.90528130370402
Falkland Islands;12173;2638;0.2167091103261316
Faroe Islands;1399;48497;34.665475339528236
Fiji;18270;883483;48.35703338806787
Finland;337030;5518050;16.3725781087737
France;547030;66987244;122.4562528563333
French Guiana;91000;195506;2.1484175824175824
French Polynesia;4167;277679;66.63762898968082
French Southern Territories;7829;140;0.017882232724485886
Gabon;267667;2119275;7.9175804264253715
Gambia;11300;2280102;201.77893805309733
Georgia;69700;3731000;53.529411764705884
Germany;357021;82927922;232.27743466070623
Ghana;239460;29767108;124.3093126200618
Gibraltar;6.5;33718;5187.384615384615
Greece;131940;10727668;81.30716992572381
Greenland;2166086;56025;0.025864624026931526
Grenada;344;111454;323.99418604651163
Guadeloupe;1780;443000;248.87640449438203
Guam;549;165768;301.94535519125685
Guatemala;108890;17247807;158.39661125906878
Guernsey;78;65228;836.2564102564103
Guinea;245857;12414318;50.49405955494454
Guinea-Bissau;36120;1874309;51.89116832779624
Guyana;214970;779004;3.623780062334279
Haiti;27750;11123176;400.83517117117117
Heard Island and McDonald Islands;412;0;0.0
Honduras;112090;9587522;85.53414220715497
Hong Kong;1092;7451000;6823.260073260073
Hungary;93030;9768785;105.00682575513275
Iceland;103000;353574;3.432757281553398
India;3287590;1352617328;411.4312697142892
Indonesia;1919440;267663435;139.4487116033843
Iran;1648000;81800269;49.636085558252425
Iraq;437072;38433600;87.93425339532159
Ireland;70280;4853506;69.05956175298805
Isle of Man;572;84077;146.98776223776224
Israel;20770;8883800;427.7226769378912
Italy;301230;60431283;200.61508813863162
Ivory Coast;322460;25069229;77.74368603857843
Jamaica;10991;2934855;267.023473751251
Japan;377835;126529100;334.8792462318208
Jersey;116;90812;782.8620689655172
Jordan;92300;9956011;107.86577464788732
Kazakhstan;2717300;18276499;6.725977624848195
Kenya;582650;51393010;88.20562945164335
Kiribati;811;115847;142.84463625154132
Kosovo;10908;1845300;169.16941694169418
Kuwait;17820;4137309;232.17222222222222
Kyrgyzstan;198500;6315800;31.8176322418136
Laos;236800;7061507;29.820553209459458
Latvia;64589;1926542;29.82771060087631
Lebanon;10400;6848925;658.5504807692307
Lesotho;30355;2108132;69.4492505353319
Liberia;111370;4818977;43.269973960671635
Libya;1759540;6678567;3.7956323811905386
Liechtenstein;160;37910;236.9375
Lithuania;65200;2789533;42.784248466257665
Luxembourg;2586;607728;235.00696055684455
Macao;254;631636;2486.755905511811
Madagascar;587040;26262368;44.736931043881164
Malawi;118480;17563749;148.24231093855502
Malaysia;329750;31528585;95.61360121304018
Maldives;300;515696;1718.9866666666667
Mali;1240000;19077690;15.385233870967742
Malta;316;483530;1530.1582278481012
Marshall Islands;181.3;58413;322.18974076116933
Martinique;1100;432900;393.54545454545456
Mauritania;1030700;4403319;4.272163578150772
Mauritius;2040;1265303;620.246568627451
Mayotte;374;279471;747.2486631016043
Mexico;1972550;126190788;63.973429317381054
Micronesia;702;112640;160.45584045584044
Moldova;33843;3545883;104.77448807729812
Monaco;1.95;38682;19836.923076923078
Mongolia;1565000;3170208;2.025692012779553
Montenegro;14026;622345;44.37081135034935
Montserrat;102;9341;91.57843137254902
Morocco;446550;36029138;80.68332325607435
Mozambique;801590;29495962;36.796818822590105
Myanmar;678500;53708395;79.15754605747973
Namibia;825418;2448255;2.9660790048193766
Nauru;21;12704;604.952380952381
Nepal;140800;28087871;199.48772017045454
Netherlands;41526;17231017;414.9452632085922
Netherlands Antilles;960;300000;312.5
New Caledonia;19060;284060;14.903462749213011
New Zealand;268680;4885500;18.18334077713265
Nicaragua;129494;6465513;49.92905462801365
Niger;1267000;22442948;17.71345540647198
Nigeria;923768;195874740;212.038888552104
Niue;260;2166;8.330769230769231
Norfolk Island;34.6;1828;52.83236994219653
North Korea;120540;25549819;211.96133233781316
North Macedonia;25333;2082958;82.22310819879209
Northern Mariana Islands;477;56882;119.24947589098532
Norway;324220;5314336;16.39114181728456
Oman;212460;4829483;22.73125764849854
Pakistan;803940;212215030;263.9687414483668
Palau;458;17907;39.09825327510917
Palestinian Territory;5970;4569087;765.3412060301507
Panama;78200;4176873;53.41269820971867
Papua New Guinea;462840;8606316;18.594581280788177
Paraguay;406750;6956071;17.10158819913952
Peru;1285220;31989256;24.890101305613047
Philippines;300000;106651922;355.5064066666667
Pitcairn;47;46;0.9787234042553191
Poland;312685;37978548;121.45944960583334
Portugal;92391;10281762;111.28531999870117
Puerto Rico;9104;3195153;350.96144551845344
Qatar;11437;2781677;243.2173646935385
Republic of the Congo;342000;5244363;15.334394736842105
Reunion;2517;776948;308.6801748112833
Romania;237500;19473936;81.99552
Russia;17100000;144478050;8.449008771929824
Rwanda;26338;12301939;467.0794669299112
Saint Barthelemy;21;8450;402.3809523809524
Saint Helena;410;7460;18.195121951219512
Saint Kitts and Nevis;261;52441;200.92337164750958
Saint Lucia;616;181889;295.27435064935065
Saint Martin;53;37264;703.0943396226415
Saint Pierre and Miquelon;242;7012;28.975206611570247
Saint Vincent and the Grenadines;389;110211;283.31876606683807
Samoa;2944;196130;66.62024456521739
San Marino;61.2;33785;552.0424836601306
Sao Tome and Principe;1001;197700;197.5024975024975
Saudi Arabia;1960582;33699947;17.188746504864373
Senegal;196190;15854360;80.81125439624853
Serbia;88361;6982084;79.01771143377735
Serbia and Montenegro;102350;10829175;105.80532486565706
Seychelles;455;96762;212.66373626373627
Sierra Leone;71740;7650154;106.63721773069418
Singapore;692.7;5638676;8140.141475386169
Sint Maarten;21;40654;1935.904761904762
Slovakia;48845;5447011;111.5162452656362
Slovenia;20273;2067372;101.97661914862132
Solomon Islands;28450;652858;22.94755711775044
Somalia;637657;15008154;23.536405936106714
South Africa;1219912;57779622;47.3637623041662
South Georgia and the South Sandwich Islands;3903;30;0.007686395080707148
South Korea;98480;51635256;524.3222583265638
South Sudan;644329;8260490;12.82029832585527
Spain;504782;46723749;92.56223280544869
Sri Lanka;65610;21670000;330.2850175278159
Sudan;1861484;41801533;22.45602594489128
Suriname;163270;575991;3.527843449500827
Svalbard and Jan Mayen;62049;2550;0.0410965527244597
Sweden;449964;10183175;22.631088264838965
Switzerland;41290;8516543;206.26163720029064
Syria;185180;16906283;91.29648450156604
Taiwan;35980;22894384;636.308615897721
Tajikistan;143100;9100837;63.5977428371768
Tanzania;945087;56318348;59.590649326464124
Thailand;514000;69428524;135.0749494163424
Timor Leste;15007;1267972;84.49203704937696
Togo;56785;7889094;138.9291890464031
Tokelau;10;1466;146.6
Tonga;748;103197;137.9639037433155
Trinidad and Tobago;5128;1389858;271.03315132605303
Tunisia;163610;11565204;70.6876352301204
Turkey;780580;82319724;105.45968894924287
Turkmenistan;488100;5850908;11.987109198934645
Turks and Caicos Islands;430;37665;87.59302325581395
Tuvalu;26;11508;442.61538461538464
U.S. Virgin Islands;352;106977;303.9119318181818
Uganda;236040;42723139;180.99957210642265
Ukraine;603700;44622516;73.91505052178235
United Arab Emirates;82880;9630959;116.2036558880309
United Kingdom;244820;66488991;271.5831672248999
United States;9629091;327167434;33.97698017393334
United States Minor Outlying Islands;0;0;0
Uruguay;176220;3449299;19.57382249460901
Uzbekistan;447400;32955400;73.65981224854715
Vanuatu;12200;292680;23.990163934426228
Vatican;0.44;921;2093.181818181818
Venezuela;912050;28870195;31.654180143632477
Vietnam;329560;95540395;289.9028856657361
Wallis and Futuna;274;16025;58.48540145985402
Western Sahara;266000;273008;1.0263458646616541
Yemen;527970;28498687;53.97785290830918
Zambia;752614;17351822;23.05540688852453
Zimbabwe;390580;14439018;36.96814481028215
